0.499991,0.003000
0.499919,0.009000
0.499676,0.017996
0.499100,0.029982
0.497976,0.044939
0.496036,0.062833
0.492961,0.083605
0.488381,0.107162
0.481885,0.133366
0.473021,0.162022
0.461306,0.192865
0.446236,0.225551
0.427304,0.259636
0.404014,0.294572
0.375903,0.329692
0.342570,0.364206
0.303705,0.397194
0.259122,0.427616
0.208797,0.454317
0.152908,0.476045
0.091873,0.491487
0.026386,0.499303
-0.042550,0.498186
-0.113601,0.486924
-0.185090,0.464480
-0.255008,0.430082
-0.321038,0.383320
-0.380614,0.324243
-0.431000,0.253453
-0.469413,0.172197
-0.493160,0.082418
-0.499826,-0.013202
-0.487463,-0.111264
-0.455641,-0.205890
-0.405655,-0.292308
-0.339496,-0.367073
-0.259803,-0.427203
-0.169752,-0.470302
-0.072933,-0.494652
0.026793,-0.499282
0.125451,-0.484006
0.219107,-0.449435
0.304029,-0.396947
0.376829,-0.328633
0.434607,-0.247218
0.475059,-0.155947
0.496571,-0.058459
0.498286,0.041360
0.498286,0.041360
0.480137,0.139530
0.442846,0.232137
0.387900,0.315490
0.317490,0.386265
0.234422,0.441640
0.142009,0.479410
0.043934,0.498066
-0.055892,0.496866
-0.153490,0.475858
-0.244969,0.435879
-0.326682,0.378522
-0.395370,0.306075
-0.448297,0.221426
-0.483352,0.127950
-0.499137,0.029372
-0.495022,-0.070377
-0.471173,-0.167319
-0.428540,-0.257592
-0.368822,-0.337595
-0.294400,-0.404139
-0.208242,-0.454572
-0.113782,-0.486882
-0.014785,-0.499781
0.084801,-0.492756
0.181006,-0.466087
0.270277,-0.421306
0.356879,-0.371306
0.443482,-0.321306
0.530084,-0.271306
0.616687,-0.221306
0.703289,-0.171306
0.789892,-0.121306
0.876494,-0.071306
0.963097,-0.021306
1.049700,0.028694
1.136302,0.078694
1.222905,0.128694
1.309507,0.178694
1.396110,0.228694
1.482712,0.278694
1.569315,0.328694
1.655917,0.378694
1.742520,0.428694
1.824521,0.485649
1.893621,0.557704
1.947029,0.642050
1.982615,0.735325
1.998961,0.833812
1.995415,0.933582
1.972118,1.030659
1.930000,1.121173
1.870738,1.201515
1.796697,1.268482
1.711752,1.321121
1.625149,1.371121
1.538547,1.421121
1.451944,1.471121
1.365342,1.521121
1.278739,1.571121
1.192137,1.621121
1.105534,1.671121
1.018932,1.721121
0.932329,1.771121
0.845726,1.821121
0.759124,1.871121
0.672521,1.921121
0.585919,1.971121
0.499316,2.021121
0.412714,2.071121
0.326111,2.121121
0.239436,2.170993
0.147459,2.209812
0.049603,2.229584
-0.050230,2.229521
-0.148061,2.209626
-0.239989,2.170691
-0.322350,2.114269
-0.391859,2.042609
-0.445746,1.958568
-0.481863,1.865497
-0.498770,1.767105
-0.495792,1.667316
-0.473048,1.570108
-0.431446,1.479356
-0.372643,1.398678
-0.298984,1.331291
-0.213405,1.279880
-0.119319,1.246496
-0.020476,1.232470
0.079184,1.238361
0.175686,1.263933
0.265185,1.308168
0.344112,1.369301
0.409319,1.444897
0.458209,1.531940
0.488831,1.626961
0.499965,1.726171
0.500000,1.826171
0.500000,1.926171
0.500000,2.026171
0.500000,2.126171
0.500000,2.226171
0.500000,2.326171
0.500000,2.426171
0.500000,2.526171
0.500000,2.626171
0.500000,2.726171
0.500000,2.826171
0.500000,2.926171
0.500000,3.026171
0.500000,3.126171
0.500000,3.226171
0.500000,3.326171
0.500000,3.426171
0.496152,3.526012
0.473963,3.623348
0.432878,3.714336
0.376881,3.797137
0.319146,3.878786
0.261411,3.960436
0.203676,4.042086
0.145941,4.123735
0.088206,4.205385
0.030471,4.287035
-0.027264,4.368684
-0.084999,4.450334
-0.142734,4.531984
-0.200469,4.613633
-0.258204,4.695283
-0.315939,4.776933
-0.373674,4.858582
-0.430071,4.941126
-0.472164,5.031651
-0.495434,5.128735
-0.500000,5.228529
-0.500000,5.328529
-0.500000,5.428529
-0.500000,5.528529
-0.500000,5.628529
-0.500000,5.728529
-0.500000,5.828529
-0.500000,5.928529
-0.500000,6.028529
-0.500000,6.128529
-0.500000,6.228529
-0.500000,6.328529
-0.500000,6.428529
-0.500000,6.528529
-0.500000,6.628529
-0.500000,6.728529
-0.500000,6.828529
-0.500000,6.928529
-0.489969,7.027857
-0.460404,7.123212
-0.412484,7.210793
-0.348120,7.287108
-0.269877,7.349115
-0.183553,7.399579
-0.096950,7.449579
-0.010348,7.499579
0.076255,7.549579
0.162857,7.599579
0.249460,7.649579
0.336063,7.699579
0.422665,7.749579
0.509268,7.799579
0.595870,7.849579
0.682473,7.899579
0.769075,7.949579
0.855678,7.999579
0.942280,8.049579
1.028883,8.099579
1.115485,8.149579
1.202088,8.199579
1.289636,8.247822
1.383945,8.280573
1.482880,8.293935
1.582498,8.287376
1.678826,8.261156
1.768026,8.216321
1.846540,8.154659
1.911239,8.078627
1.959543,7.991258
1.989526,7.896033
1.999994,7.796750
1.990528,7.697367
1.961507,7.601844
1.914086,7.513992
1.850158,7.437312
1.772270,7.374861
1.683527,7.329129
1.587467,7.301939
1.487921,7.294375
1.388856,7.306738
1.294222,7.338536
1.206456,7.386356
1.119853,7.436356
1.033250,7.486356
0.946648,7.536356
0.860045,7.586356
0.773443,7.636356
0.686840,7.686356
0.600238,7.736356
0.513635,7.786356
0.427033,7.836356
0.340430,7.886356
0.253828,7.936356
0.167225,7.986356
0.080622,8.036356
-0.005980,8.086356
-0.092583,8.136356
-0.179185,8.186356
-0.265618,8.236642
-0.344482,8.297856
-0.409613,8.373518
-0.458413,8.460611
-0.488938,8.555663
-0.499971,8.654885
-0.500000,8.754885
-0.500000,8.854885
-0.500000,8.954885
-0.500000,9.054885
-0.500000,9.154885
-0.500000,9.254885
-0.500000,9.354885
-0.500000,9.454885
-0.500000,9.554885
-0.500000,9.654885
-0.500000,9.754885
-0.500000,9.854885
-0.500000,9.954885
-0.500000,10.054885
-0.500000,10.154885
-0.500000,10.254885
-0.500000,10.354885
-0.496089,10.454722
-0.473800,10.552035
-0.432622,10.642981
-0.374196,10.723933
-0.300853,10.791664
-0.215516,10.843473
-0.121586,10.877296
-0.022810,10.891784
0.076876,10.886360
0.173497,10.861238
0.263322,10.817626
0.349925,10.767626
0.436527,10.717626
0.523130,10.667626
0.609732,10.617626
0.696335,10.567626
0.782937,10.517626
0.869540,10.467626
0.956142,10.417626
1.042745,10.367626
1.129347,10.317626
1.215950,10.267626
1.302552,10.217626
1.389155,10.167626
1.475758,10.117626
1.562360,10.067626
1.648963,10.017626
1.735565,9.967626
1.818370,9.911819
1.888619,9.840883
1.943374,9.757406
1.985754,9.666839
2.027597,9.576014
2.069441,9.485189
2.111284,9.394364
2.153127,9.303539
2.194970,9.212715
2.236813,9.121890
2.278656,9.031065
2.320500,8.940240
2.362343,8.849415
2.404186,8.758590
2.446029,8.667766
2.487872,8.576941
2.529715,8.486116
2.574912,8.397005
2.631876,8.314834
2.689611,8.233185
2.747346,8.151535
2.805081,8.069885
2.862816,7.988236
2.920551,7.906586
2.978286,7.824936
3.036021,7.743287
3.093756,7.661637
3.151491,7.579987
3.209227,7.498338
3.266962,7.416688
3.324697,7.335038
3.382432,7.253389
3.437609,7.170068
3.476937,7.078308
3.497251,6.980563
3.497741,6.880731
3.478388,6.782791
3.439963,6.690648
3.383998,6.607976
3.312725,6.538071
3.228984,6.483719
3.136114,6.447087
3.037818,6.429635
2.938014,6.432060
2.840681,6.454265
2.749700,6.495364
2.668697,6.553719
2.600903,6.627003
2.549019,6.712296
2.515114,6.806196
2.500541,6.904960
2.505879,7.004650
2.530916,7.101293
2.574654,7.191035
2.635349,7.270300
2.710582,7.335925
2.796029,7.387791
2.882631,7.437791
2.969234,7.487791
3.055836,7.537791
3.142439,7.587791
3.229041,7.637791
3.315644,7.687791
3.402246,7.737791
3.488849,7.787791
3.575451,7.837791
3.662054,7.887791
3.748657,7.937791
3.835259,7.987791
3.921862,8.037791
4.008464,8.087791
4.095067,8.137791
4.181669,8.187791
4.268489,8.237402
4.361149,8.274562
4.459344,8.292573
4.559160,8.290716
4.656618,8.269066
4.747832,8.228486
4.829165,8.170593
4.897376,8.097696
4.949744,8.012701
4.984183,7.918995
4.999319,7.820316
4.994549,7.720597
4.970062,7.623813
4.926836,7.533823
4.866593,7.454214
4.791735,7.388161
4.705246,7.338297
4.610576,7.306609
4.511496,7.294361
4.411959,7.302041
4.315931,7.329343
4.227242,7.375179
4.149426,7.437720
4.085587,7.514475
4.038269,7.602383
4.009359,7.697939
4.000000,7.797333
4.000000,7.897333
4.000000,7.997333
4.000000,8.097333
4.000000,8.197333
4.000000,8.297333
4.000000,8.397333
4.000000,8.497333
4.000000,8.597333
4.000000,8.697333
4.000000,8.797333
4.000000,8.897333
4.000000,8.997333
4.000000,9.097333
4.000000,9.197333
4.000000,9.297333
4.000000,9.397333
4.000000,9.497333
4.005040,9.597094
4.028975,9.694016
4.071688,9.784251
4.131477,9.864201
4.205958,9.930679
4.292161,9.981035
4.386650,10.013262
4.485658,10.026074
4.585237,10.018960
4.681419,9.992206
4.770368,9.946876
4.848538,9.884778
4.912813,9.808388
4.960631,9.720751
4.990084,9.625362
5.000000,9.526022
4.989982,9.426693
4.960430,9.331333
4.912522,9.243746
4.848169,9.167422
4.769935,9.105405
4.680939,9.060167
4.584730,9.033511
4.485143,9.026500
4.386148,9.039414
4.291693,9.071738
4.204049,9.119797
4.117446,9.169797
4.030844,9.219797
3.944241,9.269797
3.857639,9.319797
3.771036,9.369797
3.684434,9.419797
3.597831,9.469797
3.511228,9.519797
3.424626,9.569797
3.338023,9.619797
3.251421,9.669797
3.164818,9.719797
3.078216,9.769797
2.991613,9.819797
2.905011,9.869797
2.818408,9.919797
2.732032,9.970176
2.653509,10.031827
2.588800,10.107850
2.540484,10.195213
2.510488,10.290433
2.500007,10.389715
2.509459,10.489100
2.538467,10.584626
2.585875,10.672485
2.649794,10.749174
2.727673,10.811635
2.813923,10.862223
2.900525,10.912223
2.987128,10.962223
3.073730,11.012223
3.160333,11.062223
3.246935,11.112223
3.333538,11.162223
3.420140,11.212223
3.506743,11.262223
3.593346,11.312223
3.679948,11.362223
3.766551,11.412223
3.853153,11.462223
3.939756,11.512223
4.026358,11.562223
4.112961,11.612223
4.199563,11.662223
4.286995,11.710690
4.381111,11.743990
4.479967,11.757929
4.579621,11.751950
4.676101,11.726292
4.765729,11.682262
4.852331,11.632262
4.938934,11.582262
5.025536,11.532262
5.112139,11.482262
5.198741,11.432262
5.285344,11.382262
5.371946,11.332262
5.458549,11.282262
5.545152,11.232262
5.631754,11.182262
5.718357,11.132262
5.804959,11.082262
5.891562,11.032262
5.978164,10.982262
6.064767,10.932262
6.151369,10.882262
6.237972,10.832262
6.320508,10.776069
6.390361,10.704744
6.444652,10.620963
6.486917,10.530340
6.528760,10.439515
6.570603,10.348690
6.612447,10.257866
6.654290,10.167041
6.696133,10.076216
6.737976,9.985391
6.779819,9.894566
6.821662,9.803741
6.863506,9.712917
6.905349,9.622092
6.947192,9.531267
6.989035,9.440442
7.030878,9.349617
7.076381,9.260672
7.133481,9.178591
7.191216,9.096941
7.248951,9.015291
7.306686,8.933642
7.364421,8.851992
7.422156,8.770342
7.479891,8.688693
7.537626,8.607043
7.595361,8.525393
7.653096,8.443744
7.710831,8.362094
7.768566,8.280444
7.826301,8.198795
7.884036,8.117145
7.938946,8.033658
7.977764,7.941680
7.997534,7.843824
7.997470,7.743990
7.977573,7.646160
7.938636,7.554232
7.882213,7.471873
7.810552,7.402364
7.726856,7.347854
7.640253,7.297854
7.553651,7.247854
7.467048,7.197854
7.380446,7.147854
7.293843,7.097854
7.207241,7.047854
7.120638,6.997854
7.034036,6.947854
6.947433,6.897854
6.860830,6.847854
6.774228,6.797854
6.687625,6.747854
6.601023,6.697854
6.514420,6.647854
6.427818,6.597854
6.341215,6.547854
6.254613,6.497854
6.164031,6.455875
6.066924,6.432702
5.967149,6.429284
5.867557,6.438289
5.767979,6.447464
5.668401,6.456639
5.568822,6.465814
5.469244,6.474989
5.369666,6.484164
5.270088,6.493340
5.170510,6.502515
5.070931,6.511690
4.971353,6.520865
4.871775,6.530040
4.772197,6.539215
4.672619,6.548391
4.573040,6.557566
4.473233,6.561461
4.374574,6.546191
4.280916,6.511624
4.195992,6.459140
4.123187,6.390830
4.065406,6.309418
4.024949,6.218149
4.003432,6.120662
4.001711,6.020843
4.019856,5.922673
4.057142,5.830064
4.112084,5.746708
4.182491,5.675929
4.265400,5.620274
4.352003,5.570274
4.438606,5.520274
4.525208,5.470274
4.611811,5.420274
4.698413,5.370274
4.785016,5.320274
4.871618,5.270274
4.958221,5.220274
5.044823,5.170274
5.131426,5.120274
5.218028,5.070274
5.304631,5.020274
5.391234,4.970274
5.477836,4.920274
5.564439,4.870274
5.651041,4.820274
5.737644,4.770274
5.827549,4.726833
5.924226,4.701927
6.023924,4.696725
6.123539,4.705417
6.223117,4.714593
6.322696,4.723768
6.422274,4.732943
6.521852,4.742118
6.621430,4.751293
6.721008,4.760468
6.820586,4.769644
6.920165,4.778819
7.019743,4.787994
7.119321,4.797169
7.218899,4.806344
7.318477,4.815519
7.418056,4.824695
7.517834,4.829809
7.616750,4.816305
7.711012,4.783419
7.796861,4.732462
7.870875,4.665465
7.930104,4.585099
7.972185,4.494568
7.995443,4.397482
7.998948,4.297710
7.982562,4.199230
7.946938,4.105969
7.893495,4.021645
7.824366,3.949618
7.742305,3.892762
7.650583,3.853341
7.552859,3.832929
7.453027,3.832338
7.355068,3.851593
7.262887,3.889925
7.180159,3.945807
7.110182,4.017010
7.055746,4.100697
7.019021,4.193530
7.001470,4.291808
7.000000,4.391771
7.000000,4.491771
7.000000,4.591771
7.000000,4.691771
7.000000,4.791771
7.000000,4.891771
7.000000,4.991771
7.000000,5.091771
7.000000,5.191771
7.000000,5.291771
7.000000,5.391771
7.000000,5.491771
7.000000,5.591771
7.000000,5.691771
7.000000,5.791771
7.000000,5.891771
7.000000,5.991771
7.000875,6.091754
7.016701,6.190325
7.051793,6.283787
7.104754,6.368415
7.173473,6.440833
7.255209,6.498156
7.346704,6.538098
7.444311,6.559067
7.544137,6.560226
7.642204,6.541529
7.734602,6.503723
7.821357,6.453993
7.907959,6.403993
7.994562,6.353993
8.081164,6.303993
8.167767,6.253993
8.254369,6.203993
8.340972,6.153993
8.427574,6.103993
8.514177,6.053993
8.600779,6.003993
8.687382,5.953993
8.773984,5.903993
8.860587,5.853993
8.947190,5.803993
9.033792,5.753993
9.120395,5.703993
9.206997,5.653993
9.292260,5.601842
9.367032,5.535692
9.427172,5.456006
9.470282,5.365960
9.494643,5.269145
9.500000,5.169407
9.500000,5.069407
9.500000,4.969407
9.500000,4.869407
9.500000,4.769407
9.500000,4.669407
9.500000,4.569407
9.500000,4.469407
9.500000,4.369407
9.500000,4.269407
9.500000,4.169407
9.500000,4.069407
9.500000,3.969407
9.500000,3.869407
9.500000,3.769407
9.500000,3.669407
9.500000,3.569407
9.500000,3.469407
9.491060,3.369972
9.462570,3.274290
9.415640,3.186175
9.358045,3.104428
9.300310,3.022778
9.242575,2.941129
9.184840,2.859479
9.127105,2.777829
9.069370,2.696180
9.011635,2.614530
8.953900,2.532880
8.896164,2.451231
8.838429,2.369581
8.780694,2.287931
8.722959,2.206282
8.665224,2.124632
8.607489,2.042982
8.554215,1.958492
8.518114,1.865415
8.501224,1.767020
8.500000,1.667049
8.500000,1.567049
8.500000,1.467049
8.500000,1.367049
8.500000,1.267049
8.500000,1.167049
8.500000,1.067049
8.500000,0.967049
8.500000,0.867049
8.500000,0.767049
8.500000,0.667049
8.500000,0.567049
8.500000,0.467049
8.500000,0.367049
8.500000,0.267049
8.500000,0.167049
8.500000,0.067049
8.501085,-0.032927
8.517572,-0.131390
8.553292,-0.224614
8.606820,-0.308884
8.676023,-0.380840
8.758142,-0.437613
8.849904,-0.476939
8.947649,-0.497252
9.047481,-0.497740
9.145420,-0.478386
9.237562,-0.439959
9.320233,-0.383993
9.390138,-0.312718
9.444488,-0.228976
9.481119,-0.136106
9.498568,-0.037809
9.496142,0.061995
9.473936,0.159327
9.432835,0.250308
9.374479,0.331309
9.301193,0.399102
9.216610,0.452291
9.130007,0.502291
9.043405,0.552291
8.956802,0.602291
8.870200,0.652291
8.783597,0.702291
8.696994,0.752291
8.610392,0.802291
8.523789,0.852291
8.437187,0.902291
8.350584,0.952291
8.263982,1.002291
8.177379,1.052291
8.090777,1.102291
8.004174,1.152291
7.917572,1.202291
7.830969,1.252291
7.744345,1.302254
7.652810,1.342102
7.555182,1.362971
7.455354,1.364028
7.357306,1.345231
7.264947,1.307330
7.178201,1.257585
7.091599,1.207585
7.004996,1.157585
6.918393,1.107585
6.831791,1.057585
6.745188,1.007585
6.658586,0.957585
6.571983,0.907585
6.485381,0.857585
6.398778,0.807585
6.312176,0.757585
6.225573,0.707585
6.138971,0.657585
6.052368,0.607585
5.965766,0.557585
5.879163,0.507585
5.792560,0.457585
5.707326,0.405391
5.632621,0.339165
5.572563,0.259417
5.529545,0.169327
5.505282,0.072487
5.500743,-0.027243
5.516107,-0.125887
5.550763,-0.219513
5.603328,-0.304387
5.671707,-0.377126
5.753174,-0.434830
5.844482,-0.475199
5.941989,-0.496623
6.041810,-0.498249
6.139963,-0.480011
6.232536,-0.442636
6.315839,-0.387615
6.386551,-0.317141
6.441852,-0.234023
6.479537,-0.141576
6.498105,-0.043485
6.500000,0.056460
6.500000,0.156460
6.500000,0.256460
6.500000,0.356460
6.500000,0.456460
6.500000,0.556460
6.500000,0.656460
6.500000,0.756460
6.500000,0.856460
6.500000,0.956460
6.500000,1.056460
6.500000,1.156460
6.500000,1.256460
6.500000,1.356460
6.500000,1.456460
6.500000,1.556460
6.500000,1.656460
6.499404,1.756451
6.484602,1.855181
6.450480,1.949002
6.398399,2.034174
6.330435,2.107301
6.249298,2.165469
6.162695,2.215469
6.076093,2.265469
5.989490,2.315469
5.902888,2.365469
5.816285,2.415469
5.729683,2.465469
5.643080,2.515469
5.556478,2.565469
5.469875,2.615469
5.383272,2.665469
5.296670,2.715469
5.210067,2.765469
5.123465,2.815469
5.036862,2.865469
4.950260,2.915469
4.863657,2.965469
4.777055,3.015469
4.688279,3.061273
4.592503,3.089445
4.493040,3.098028
4.393853,3.086679
4.298899,3.055852
4.211962,3.006774
4.136507,2.941403
4.075545,2.862344
4.031503,2.772750
4.006140,2.676192
4.000465,2.576520
4.014705,2.477708
4.048292,2.383694
4.099887,2.298227
4.167434,2.224714
4.248239,2.166085
4.339080,2.124679
4.436338,2.102146
4.536133,2.099383
4.634487,2.116503
4.727481,2.152821
4.811405,2.206889
4.882914,2.276554
4.939158,2.359036
4.977894,2.451048
4.997578,2.548922
5.000000,2.648842
5.000000,2.748842
5.000000,2.848842
5.000000,2.948842
5.000000,3.048842
5.000000,3.148842
5.000000,3.248842
5.000000,3.348842
5.000000,3.448842
5.000000,3.548842
5.000000,3.648842
5.000000,3.748842
5.000000,3.848842
5.000000,3.948842
5.000000,4.048842
5.000000,4.148842
5.000000,4.248842
4.999650,4.348838
4.985973,4.447730
4.952922,4.541934
4.901814,4.627693
4.834687,4.701590
4.754217,4.760677
4.667627,4.810698
4.581024,4.860698
4.494422,4.910698
4.407819,4.960698
4.321217,5.010698
4.234614,5.060698
4.148011,5.110698
4.061409,5.160698
3.974806,5.210698
3.888204,5.260698
3.801601,5.310698
3.714999,5.360698
3.628396,5.410698
3.541794,5.460698
3.455191,5.510698
3.368589,5.560698
3.281986,5.610698
3.193542,5.657175
3.098093,5.686436
2.998734,5.696151
2.899425,5.685933
2.804125,5.656188
2.715821,5.609432
2.629218,5.559432
2.542616,5.509432
2.456013,5.459432
2.369410,5.409432
2.282808,5.359432
2.196205,5.309432
2.109603,5.259432
2.023000,5.209432
1.936398,5.159432
1.849795,5.109432
1.763193,5.059432
1.676590,5.009432
1.589988,4.959432
1.503385,4.909432
1.416783,4.859432
1.330180,4.809432
1.243605,4.759384
1.163436,4.699890
1.096684,4.625654
1.046011,4.539637
1.013438,4.445267
1.000262,4.346307
1.000000,4.246310
1.000000,4.146310
1.000000,4.046310
1.000000,3.946310
1.000000,3.846310
1.000000,3.746310
1.000000,3.646310
1.000000,3.546310
1.000000,3.446310
1.000000,3.346310
1.000000,3.246310
1.000000,3.146310
1.000000,3.046310
1.000000,2.946310
1.000000,2.846310
1.000000,2.746310
1.000000,2.646310
1.002677,2.546402
1.022857,2.448629
1.062058,2.356815
1.118719,2.274618
1.190581,2.205317
1.274394,2.150980
1.360997,2.100980
1.447599,2.050980
1.534202,2.000980
1.620804,1.950980
1.707407,1.900980
1.794009,1.850980
1.880612,1.800980
1.967214,1.750980
2.053817,1.700980
2.140419,1.650980
2.227022,1.600980
2.313624,1.550980
2.400227,1.500980
2.486830,1.450980
2.573432,1.400980
2.660035,1.350980
2.746637,1.300980
2.837333,1.259251
2.934506,1.236359
3.034291,1.233228
3.132708,1.249984
3.225834,1.285958
3.309958,1.339717
3.381724,1.409116
3.438272,1.491390
3.477348,1.583259
3.497393,1.681059
3.500000,1.780970
3.500000,1.880970
3.500000,1.980970
3.500000,2.080970
3.500000,2.180970
3.500000,2.280970
3.500000,2.380970
3.500000,2.480970
3.500000,2.580970
3.500000,2.680970
3.500000,2.780970
3.500000,2.880970
3.500000,2.980970
3.500000,3.080970
3.500000,3.180970
3.500000,3.280970
3.500000,3.380970
3.499715,3.480967
3.486404,3.579909
3.453701,3.674234
3.402910,3.760182
3.336057,3.834326
3.255806,3.893710
3.165357,3.935967
3.068315,3.959413
2.968550,3.963112
2.870039,3.946917
2.776709,3.911473
2.692281,3.858194
2.620121,3.789205
2.563105,3.707254
2.523507,3.615609
2.502905,3.517925
2.502121,3.418095
2.521186,3.320098
2.559339,3.227843
2.615060,3.145007
2.686128,3.074892
2.769463,3.019852
2.856065,2.969852
2.942668,2.919852
3.029270,2.869852
3.115873,2.819852
3.202475,2.769852
3.289078,2.719852
3.375680,2.669852
3.462283,2.619852
3.548885,2.569852
3.635488,2.519852
3.722091,2.469852
3.808693,2.419852
3.895296,2.369852
3.981898,2.319852
4.068501,2.269852
4.155103,2.219852
4.241706,2.169852
4.331959,2.127160
4.428865,2.103162
4.528608,2.098895
4.628210,2.107772
4.727788,2.116947
4.827366,2.126122
4.926944,2.135297
5.026523,2.144472
5.126101,2.153647
5.225679,2.162823
5.325257,2.171998
5.424835,2.181173
5.524414,2.190348
5.623992,2.199523
5.723570,2.208698
5.823148,2.217874
5.922726,2.227049
6.022521,2.231543
6.121306,2.217112
6.215255,2.183344
6.302593,2.134699
6.389196,2.084699
6.475798,2.034699
6.562401,1.984699
6.649003,1.934699
6.735606,1.884699
6.822208,1.834699
6.908811,1.784699
6.995414,1.734699
7.082016,1.684699
7.168619,1.634699
7.255221,1.584699
7.341824,1.534699
7.428426,1.484699
7.515029,1.434699
7.601631,1.384699
7.688234,1.334699
7.774412,1.283995
7.851979,1.221146
7.915515,1.144140
7.962886,1.056224
8.004729,0.965399
8.046572,0.874574
8.088415,0.783749
8.130258,0.692924
8.172101,0.602100
8.213945,0.511275
8.255788,0.420450
8.297631,0.329625
8.339474,0.238800
8.381317,0.147975
8.423160,0.057151
8.465004,-0.033674
8.506847,-0.124499
8.548731,-0.215305
8.600501,-0.300666
8.668197,-0.374041
8.749122,-0.432504
8.840048,-0.473725
8.937351,-0.496060
9.037152,-0.498618
9.135471,-0.481298
9.228390,-0.444790
9.315287,-0.395319
9.401889,-0.345319
9.488492,-0.295319
9.575094,-0.245319
9.661697,-0.195319
9.748299,-0.145319
9.834902,-0.095319
9.921504,-0.045319
10.008107,0.004681
10.094710,0.054681
10.181312,0.104681
10.267915,0.154681
10.354517,0.204681
10.441120,0.254681
10.527722,0.304681
10.614325,0.354681
10.700927,0.404681
10.786544,0.456279
10.862237,0.521374
10.923488,0.600209
10.967856,0.689642
10.993572,0.786107
10.999611,0.885757
10.985731,0.984621
10.952488,1.078757
10.901205,1.164412
10.833927,1.238171
10.753337,1.297094
10.662647,1.338832
10.565473,1.361720
10.465688,1.364847
10.367272,1.348087
10.274147,1.312109
10.190026,1.258346
10.118262,1.188944
10.061718,1.106667
10.022646,1.014797
10.002605,0.916996
10.002393,0.817163
10.022020,0.719278
10.060702,0.627243
10.116897,0.544728
10.188366,0.475021
10.271947,0.420342
10.358549,0.370342
10.445152,0.320342
10.531754,0.270342
10.618357,0.220342
10.704959,0.170342
10.791562,0.120342
10.878164,0.070342
10.964767,0.020342
11.051370,-0.029658
11.137972,-0.079658
11.224575,-0.129658
11.311177,-0.179658
11.397780,-0.229658
11.484382,-0.279658
11.570985,-0.329658
11.657587,-0.379658
11.744190,-0.429658
11.834663,-0.471873
11.931706,-0.495314
12.031471,-0.499009
12.129981,-0.482809
12.223310,-0.447362
12.310355,-0.398167
12.396958,-0.348167
12.483560,-0.298167
12.570163,-0.248167
12.656765,-0.198167
12.743368,-0.148167
12.829971,-0.098167
12.916573,-0.048167
13.003176,0.001833
13.089778,0.051833
13.176381,0.101833
13.262983,0.151833
13.349586,0.201833
13.436188,0.251833
13.522791,0.301833
13.609393,0.351833
13.695996,0.401833
13.781860,0.453042
13.858288,0.517271
13.920433,0.595404
13.965817,0.684325
13.992630,0.780491
13.999803,0.880066
13.987051,0.979082
13.954881,1.073590
13.904577,1.159824
13.838144,1.234344
13.758230,1.294181
13.668021,1.336949
13.571114,1.360942
13.471371,1.365205
13.372770,1.349567
13.279241,1.314652
13.194514,1.261851
13.121964,1.193270
13.064487,1.111643
13.024371,1.020224
13.003218,0.922657
13.001869,0.822833
13.020380,0.724731
13.058011,0.632261
13.113263,0.549111
13.183933,0.478596
13.267015,0.423189
13.353618,0.373189
13.440220,0.323189
13.526823,0.273189
13.613425,0.223189
13.700028,0.173189
13.786631,0.123189
13.873233,0.073189
13.959836,0.023189
14.046438,-0.026811
14.133041,-0.076811
14.219643,-0.126811
14.306246,-0.176811
14.392848,-0.226811
14.479451,-0.276811
14.566053,-0.326811
14.652656,-0.376811
14.739258,-0.426811
14.829300,-0.469959
14.926069,-0.494504
15.025786,-0.499335
15.124474,-0.484258
15.218200,-0.449876
15.303228,-0.397559
15.376166,-0.329392
15.434108,-0.248094
15.474743,-0.156904
15.496452,-0.059460
15.500000,0.040399
15.500000,0.140399
15.500000,0.240399
15.500000,0.340399
15.500000,0.440399
15.500000,0.540399
15.500000,0.640399
15.500000,0.740399
15.500000,0.840399
15.500000,0.940399
15.500000,1.040399
15.500000,1.140399
15.500000,1.240399
15.500000,1.340399
15.500000,1.440399
15.500000,1.540399
15.500000,1.640399
15.499930,1.740399
15.488306,1.839553
15.457215,1.934422
15.407897,2.021223
15.342316,2.096495
15.263089,2.157238
15.173373,2.201030
15.076745,2.226126
14.977058,2.231524
14.878285,2.217010
14.784365,2.183162
14.699041,2.131330
14.625716,2.063580
14.567312,1.982612
14.526158,1.891656
14.503895,1.794336
14.501409,1.694534
14.518802,1.596227
14.555377,1.503335
14.609679,1.419561
14.679542,1.348246
14.762084,1.292061
14.848686,1.242061
14.935289,1.192061
15.021892,1.142061
15.108494,1.092061
15.195097,1.042061
15.281699,0.992061
15.368302,0.942061
15.454904,0.892061
15.541507,0.842061
15.628109,0.792061
15.714712,0.742061
15.801314,0.692061
15.887917,0.642061
15.974519,0.592061
16.061122,0.542061
16.147725,0.492061
16.234327,0.442061
16.323959,0.398041
16.420443,0.372395
16.520098,0.366429
16.619726,0.374939
16.719304,0.384114
16.818882,0.393289
16.918460,0.402465
17.018038,0.411640
17.117617,0.420815
17.217195,0.429990
17.316773,0.439165
17.416351,0.448340
17.515929,0.457516
17.615508,0.466691
17.715086,0.475866
17.814664,0.485041
17.914242,0.494216
18.014007,0.499804
18.113023,0.487058
18.207534,0.454895
18.293771,0.404597
18.368296,0.338169
18.428138,0.258259
18.470912,0.168053
18.494912,0.071147
18.499182,-0.028595
18.483550,-0.127197
18.448641,-0.220728
18.395847,-0.305460
18.327271,-0.378013
18.245647,-0.435497
18.154231,-0.475618
18.056666,-0.496779
17.956841,-0.498134
17.858738,-0.479630
17.766266,-0.442005
17.683112,-0.386758
17.612592,-0.316093
17.557516,-0.232826
17.520081,-0.140277
17.501779,-0.042136
17.500000,0.057814
17.500000,0.157814
17.500000,0.257814
17.500000,0.357814
17.500000,0.457814
17.500000,0.557814
17.500000,0.657814
17.500000,0.757814
17.500000,0.857814
17.500000,0.957814
17.500000,1.057814
17.500000,1.157814
17.500000,1.257814
17.500000,1.357814
17.500000,1.457814
17.500000,1.557814
17.500000,1.657814
17.500664,1.757803
17.515733,1.856492
17.550109,1.950221
17.602158,2.035442
17.659893,2.117092
17.717628,2.198741
17.775363,2.280391
17.833098,2.362041
17.890833,2.443690
17.948568,2.525340
18.006303,2.606990
18.064038,2.688639
18.121773,2.770289
18.179508,2.851939
18.237243,2.933588
18.294978,3.015238
18.352713,3.096888
18.410436,3.178546
18.458986,3.265779
18.489237,3.360918
18.499985,3.460172
18.500000,3.560172
18.500000,3.660172
18.500000,3.760172
18.500000,3.860172
18.500000,3.960172
18.500000,4.060172
18.500000,4.160172
18.500000,4.260172
18.500000,4.360172
18.500000,4.460172
18.500000,4.560172
18.500000,4.660172
18.500000,4.760172
18.500000,4.860172
18.500000,4.960172
18.500000,5.060172
18.500000,5.160172
18.495907,5.259997
18.473338,5.357246
18.431899,5.448072
18.375755,5.530779
18.318020,5.612429
18.260285,5.694079
18.202550,5.775728
18.144815,5.857378
18.087080,5.939028
18.029345,6.020677
17.971610,6.102327
17.913875,6.183977
17.856140,6.265626
17.798405,6.347276
17.740670,6.428926
17.682935,6.510575
17.625200,6.592225
17.568938,6.674855
17.527198,6.765544
17.504307,6.862718
17.500000,6.962529
17.500000,7.062529
17.500000,7.162529
17.500000,7.262529
17.500000,7.362529
17.500000,7.462529
17.500000,7.562529
17.500000,7.662529
17.500000,7.762529
17.500000,7.862529
17.500000,7.962529
17.500000,8.062529
17.500000,8.162529
17.500000,8.262529
17.500000,8.362529
17.500000,8.462529
17.500000,8.562529
17.500005,8.662529
17.510424,8.761817
17.540360,8.857057
17.588621,8.944450
17.646332,9.026117
17.704067,9.107767
17.761802,9.189416
17.819537,9.271066
17.877272,9.352716
17.935007,9.434365
17.992742,9.516015
18.050477,9.597665
18.108212,9.679314
18.165947,9.760964
18.223682,9.842614
18.281417,9.924263
18.339152,10.005913
18.396887,10.087562
18.449166,10.172647
18.483852,10.266261
18.499248,10.364900
18.494741,10.464632
18.470510,10.561480
18.427521,10.651584
18.367488,10.731351
18.292805,10.797601
18.206448,10.847694
18.111861,10.879631
18.012815,10.892141
17.913257,10.884723
17.817158,10.857674
17.728017,10.812625
17.641414,10.762625
17.554811,10.712625
17.468209,10.662625
17.381606,10.612625
17.295004,10.562625
17.208401,10.512625
17.121799,10.462625
17.035196,10.412625
16.948594,10.362625
16.861991,10.312625
16.775389,10.262625
16.688786,10.212625
16.602183,10.162625
16.515581,10.112625
16.428978,10.062625
16.342376,10.012625
16.255773,9.962625
16.173982,9.905374
16.105167,9.833047
16.052092,9.748491
16.016873,9.655076
16.000916,9.556526
16.000000,9.456545
16.000000,9.356545
16.000000,9.256545
16.000000,9.156545
16.000000,9.056545
16.000000,8.956545
16.000000,8.856545
16.000000,8.756545
16.000000,8.656545
16.000000,8.556545
16.000000,8.456545
16.000000,8.356545
16.000000,8.256545
16.000000,8.156545
16.000000,8.056545
16.000000,7.956545
16.000000,7.856545
16.001419,7.756580
16.018837,7.658278
16.055438,7.565396
16.109762,7.481636
16.179643,7.410339
16.262296,7.354346
16.354425,7.315890
16.452358,7.296504
16.552191,7.296960
16.649942,7.317241
16.741716,7.356538
16.823854,7.413284
16.893080,7.485217
16.946636,7.569470
16.982386,7.662683
16.998904,7.761140
16.995533,7.860917
16.972406,7.958035
16.930446,8.048622
16.871326,8.129068
16.797402,8.196164
16.712511,8.248886
16.625908,8.298886
16.539306,8.348886
16.452703,8.398886
16.366101,8.448886
16.279498,8.498886
16.192896,8.548886
16.106293,8.598886
16.019690,8.648886
15.933088,8.698886
15.846485,8.748886
15.759883,8.798886
15.673280,8.848886
15.586678,8.898886
15.500075,8.948886
15.413473,8.998886
15.326870,9.048886
15.240205,9.098776
15.148296,9.137756
15.050475,9.157700
14.950642,9.157812
14.852776,9.138088
14.760780,9.099314
14.678321,9.043037
14.608686,8.971499
14.554651,8.887552
14.518371,8.794544
14.501293,8.696183
14.500000,8.596214
14.500000,8.496214
14.500000,8.396214
14.500000,8.296214
14.500000,8.196214
14.500000,8.096214
14.500000,7.996214
14.500000,7.896214
14.500000,7.796214
14.500000,7.696214
14.500000,7.596214
14.500000,7.496214
14.500000,7.396214
14.500000,7.296214
14.500000,7.196214
14.500000,7.096214
14.500000,6.996214
14.501023,6.896235
14.517320,6.797741
14.552861,6.704448
14.606227,6.620075
14.675292,6.547987
14.757302,6.491056
14.848987,6.451553
14.946693,6.431053
15.046524,6.430372
15.144500,6.449539
15.236716,6.487788
15.319494,6.543595
15.389536,6.614736
15.444047,6.698373
15.480856,6.791173
15.498495,6.889436
15.496260,6.989244
15.474241,7.086619
15.433315,7.177678
15.375115,7.258792
15.301960,7.326726
15.216766,7.378772
15.122931,7.412856
15.024195,7.427617
14.924495,7.422469
14.827804,7.397616
14.737879,7.354218
14.651277,7.304218
14.564674,7.254218
14.478072,7.204218
14.391469,7.154218
14.304867,7.104218
14.218264,7.054218
14.131661,7.004218
14.045059,6.954218
13.958456,6.904218
13.871854,6.854218
13.785251,6.804218
13.698649,6.754218
13.612046,6.704218
13.525444,6.654218
13.438841,6.604218
13.352239,6.554218
13.265636,6.504218
13.182701,6.448599
13.112256,6.377859
13.057269,6.294533
13.019932,6.201944
13.001734,6.103783
13.000000,6.003832
13.000000,5.903832
13.000000,5.803832
13.000000,5.703832
13.000000,5.603832
13.000000,5.503832
13.000000,5.403832
13.000000,5.303832
13.000000,5.203832
13.000000,5.103832
13.000000,5.003832
13.000000,4.903832
13.000000,4.803832
13.000000,4.703832
13.000000,4.603832
13.000000,4.503832
13.000000,4.403832
13.000691,4.303844
13.015866,4.205170
13.050341,4.111479
13.102743,4.026504
13.170983,3.953633
13.252335,3.895766
13.338938,3.845766
13.425540,3.795766
13.512143,3.745766
13.598746,3.695766
13.685348,3.645766
13.771951,3.595766
13.858553,3.545766
13.945156,3.495766
14.031758,3.445766
14.118361,3.395766
14.204963,3.345766
14.291566,3.295766
14.378168,3.245766
14.464771,3.195766
14.551373,3.145766
14.637976,3.095766
14.724579,3.045766
14.813469,3.000198
14.909351,2.972388
15.008846,2.964180
15.108516,2.971982
15.208095,2.981158
15.307673,2.990333
15.407251,2.999508
15.506829,3.008683
15.606407,3.017858
15.705986,3.027033
15.805564,3.036209
15.905142,3.045384
16.004720,3.054559
16.104298,3.063734
16.203877,3.072909
16.303455,3.082084
16.403033,3.091260
16.502752,3.098069
16.602030,3.087555
16.697241,3.057528
16.784588,3.009184
16.860590,2.944450
16.922216,2.865908
16.967010,2.776687
16.993185,2.680347
16.999699,2.580726
16.986291,2.481797
16.953497,2.387504
16.902623,2.301605
16.835697,2.227526
16.755389,2.168220
16.664899,2.126050
16.567835,2.102699
16.468066,2.099097
16.369571,2.115388
16.276275,2.150922
16.189243,2.200142
16.102640,2.250142
16.016038,2.300142
15.929435,2.350142
15.842833,2.400142
15.756230,2.450142
15.669628,2.500142
15.583025,2.550142
15.496423,2.600142
15.409820,2.650142
15.323218,2.700142
15.236615,2.750142
15.150012,2.800142
15.063410,2.850142
14.976807,2.900142
14.890205,2.950142
14.803602,3.000142
14.717757,3.051380
14.641388,3.115680
14.579316,3.193870
14.533170,3.282465
14.491327,3.373290
14.449484,3.464115
14.407640,3.554940
14.365797,3.645765
14.323954,3.736589
14.282111,3.827414
14.240268,3.918239
14.198425,4.009064
14.156581,4.099889
14.114738,4.190714
14.072895,4.281538
14.031052,4.372363
13.989209,4.463188
13.947130,4.553901
13.893760,4.638272
13.824692,4.710357
13.742715,4.767346
13.656112,4.817346
13.569510,4.867346
13.482907,4.917346
13.396305,4.967346
13.309702,5.017346
13.223100,5.067346
13.136497,5.117346
13.049895,5.167346
12.963292,5.217346
12.876689,5.267346
12.790087,5.317346
12.703484,5.367346
12.616882,5.417346
12.530279,5.467346
12.443677,5.517346
12.357074,5.567346
12.270472,5.617346
12.181216,5.662158
12.085023,5.688871
11.985440,5.695940
11.886438,5.683085
11.791963,5.650818
11.705782,5.600424
11.631330,5.533913
11.571576,5.453937
11.528902,5.363684
11.505009,5.266752
11.500000,5.166989
11.500000,5.066989
11.500000,4.966989
11.500000,4.866989
11.500000,4.766989
11.500000,4.666989
11.500000,4.566989
11.500000,4.466989
11.500000,4.366989
11.500000,4.266989
11.500000,4.166989
11.500000,4.066989
11.500000,3.966989
11.500000,3.866989
11.500000,3.766989
11.500000,3.666989
11.500000,3.566989
11.500000,3.466989
11.509401,3.367598
11.538353,3.272055
11.585709,3.184168
11.643351,3.102454
11.701086,3.020804
11.758821,2.939154
11.816556,2.857505
11.874291,2.775855
11.932026,2.694205
11.989761,2.612556
12.047497,2.530906
12.105232,2.449256
12.162967,2.367607
12.220702,2.285957
12.278437,2.204307
12.336172,2.122658
12.393907,2.041008
12.446875,1.956334
12.482525,1.863083
12.498939,1.764608
12.495461,1.664835
12.472232,1.567742
12.430175,1.477199
12.370969,1.396817
12.296974,1.329799
12.211139,1.278818
12.116887,1.245905
12.017975,1.232374
11.918346,1.238763
11.821972,1.264818
11.732487,1.309149
11.645885,1.359149
11.559282,1.409149
11.472679,1.459149
11.386077,1.509149
11.299474,1.559149
11.212872,1.609149
11.126269,1.659149
11.039667,1.709149
10.953064,1.759149
10.866462,1.809149
10.779859,1.859149
10.693257,1.909149
10.606654,1.959149
10.520052,2.009149
10.433449,2.059149
10.346846,2.109149
10.260244,2.159149
10.177914,2.215636
10.108355,2.287248
10.054410,2.371252
10.018229,2.464299
10.001255,2.562678
10.004164,2.662469
10.026840,2.759693
10.068381,2.850474
10.127128,2.931192
10.200740,2.998631
10.285484,3.051576
10.372087,3.101576
10.458689,3.151576
10.545292,3.201576
10.631895,3.251576
10.718497,3.301576
10.805100,3.351576
10.891702,3.401576
10.978305,3.451576
11.064907,3.501576
11.151510,3.551576
11.238112,3.601576
11.324715,3.651576
11.411317,3.701576
11.497920,3.751576
11.584522,3.801576
11.671125,3.851576
11.757767,3.901507
11.849494,3.940912
11.947222,3.961308
12.047054,3.961883
12.145010,3.942612
12.237185,3.904265
12.319904,3.848369
12.389869,3.777155
12.444292,3.693459
12.481002,3.600620
12.498536,3.502339
12.496195,3.402533
12.474072,3.305181
12.433050,3.214166
12.374763,3.133114
12.301536,3.065258
12.216287,3.013302
12.122416,2.979319
12.023664,2.964662
11.923969,2.969916
11.827305,2.994872
11.737526,3.038535
11.658211,3.099163
11.592522,3.174341
11.543077,3.261070
11.511849,3.355894
11.500082,3.455031
11.500000,3.555031
11.500000,3.655031
11.500000,3.755031
11.500000,3.855031
11.500000,3.955031
11.500000,4.055031
11.500000,4.155031
11.500000,4.255031
11.500000,4.355031
11.500000,4.455031
11.500000,4.555031
11.500000,4.655031
11.500000,4.755031
11.500000,4.855031
11.500000,4.955031
11.500000,5.055031
11.500000,5.155031
11.503463,5.254895
11.525031,5.352371
11.565534,5.443618
11.621277,5.526582
11.679012,5.608232
11.736747,5.689881
11.794482,5.771531
11.852217,5.853181
11.909952,5.934830
11.967687,6.016480
12.025422,6.098130
12.083157,6.179779
12.140892,6.261429
12.198627,6.343079
12.256362,6.424728
12.314097,6.506378
12.371832,6.588027
12.428435,6.670437
12.471105,6.760692
12.494994,6.857625
12.500000,6.957388
12.500000,7.057388
12.500000,7.157388
12.500000,7.257388
12.500000,7.357388
12.500000,7.457388
12.500000,7.557388
12.500000,7.657388
12.500000,7.757388
12.500000,7.857388
12.500000,7.957388
12.500000,8.057388
12.500000,8.157388
12.500000,8.257388
12.500000,8.357388
12.500000,8.457388
12.500000,8.557388
12.500000,8.657388
12.490595,8.756778
12.461639,8.852320
12.414279,8.940205
12.350403,9.016930
12.272558,9.079434
12.183847,9.125228
12.087806,9.152484
11.988265,9.160116
11.889192,9.147821
11.794536,9.116088
11.708071,9.066182
11.633245,9.000093
11.573040,8.920456
11.529857,8.830446
11.505416,8.733650
11.500694,8.633928
11.515877,8.535256
11.550360,8.441567
11.602769,8.356597
11.671015,8.283732
11.752376,8.225878
11.843609,8.185342
11.941077,8.163738
12.040894,8.161929
12.139081,8.179987
12.231723,8.217191
12.318538,8.266812
12.405140,8.316812
12.491743,8.366812
12.578345,8.416812
12.664948,8.466812
12.751550,8.516812
12.838153,8.566812
12.924755,8.616812
13.011358,8.666812
13.097960,8.716812
13.184563,8.766812
13.271166,8.816812
13.357768,8.866812
13.444371,8.916812
13.530973,8.966812
13.617576,9.016812
13.704178,9.066812
13.789613,9.118696
13.864814,9.184357
13.925471,9.263650
13.970589,9.352803
14.012432,9.443628
14.054276,9.534453
14.096119,9.625277
14.137962,9.716102
14.179805,9.806927
14.221648,9.897752
14.263491,9.988577
14.305335,10.079402
14.347178,10.170226
14.389021,10.261051
14.430864,10.351876
14.472707,10.442701
14.514550,10.533526
14.556963,10.624077
14.611840,10.707474
14.682192,10.778308
14.765214,10.833752
14.857596,10.871597
14.955655,10.890335
15.055482,10.889217
15.153098,10.868289
15.244609,10.828385
15.326369,10.771096
15.395118,10.698706
15.448114,10.614101
15.483246,10.520653
15.499112,10.422088
15.495080,10.322337
15.471311,10.225374
15.428752,10.135066
15.369100,10.055014
15.294734,9.988409
15.208617,9.937905
15.114183,9.905517
15.015197,9.892536
14.915605,9.899479
14.819378,9.926069
14.730080,9.970793
14.643478,10.020793
14.556875,10.070793
14.470273,10.120793
14.383670,10.170793
14.297068,10.220793
14.210465,10.270793
14.123863,10.320793
14.037260,10.370793
13.950658,10.420793
13.864055,10.470793
13.777452,10.520793
13.690850,10.570793
13.604247,10.620793
13.517645,10.670793
13.431042,10.720793
13.344440,10.770793
13.257837,10.820793
13.175793,10.877686
13.106633,10.949684
13.053156,11.033986
13.017493,11.127232
13.001066,11.225705
13.000000,11.325682
13.000000,11.425682
13.000000,11.525682
13.000000,11.625682
13.000000,11.725682
13.000000,11.825682
13.000000,11.925682
13.000000,12.025682
13.000000,12.125682
13.000000,12.225682
13.000000,12.325682
13.000000,12.425682
13.000000,12.525682
13.000000,12.625682
13.000000,12.725682
13.000000,12.825682
13.000000,12.925682
13.001246,13.025653
13.018195,13.124037
13.054352,13.217092
13.108276,13.301110
13.177817,13.372739
13.260202,13.429126
13.352147,13.468021
13.449986,13.487873
13.549820,13.487893
13.647667,13.468078
13.739627,13.429219
13.822034,13.372865
13.891603,13.301262
13.945560,13.217266
13.981753,13.124224
13.998741,13.025847
13.995845,12.926055
13.973182,12.828828
13.931654,12.738042
13.872917,12.657316
13.799314,12.589868
13.714575,12.536916
13.627972,12.486916
13.541370,12.436916
13.454767,12.386916
13.368164,12.336916
13.281562,12.286916
13.194959,12.236916
13.108357,12.186916
13.021754,12.136916
12.935152,12.086916
12.848549,12.036916
12.761947,11.986916
12.675344,11.936916
12.588742,11.886916
12.502139,11.836916
12.415537,11.786916
12.328934,11.736916
12.242293,11.686984
12.150571,11.647566
12.052846,11.627156
11.953014,11.626568
11.855055,11.645826
11.762875,11.684160
11.680149,11.740044
11.610174,11.811250
11.555740,11.894937
11.519017,11.987771
11.501469,12.086051
11.500000,12.186013
11.500000,12.286013
11.500000,12.386013
11.500000,12.486013
11.500000,12.586013
11.500000,12.686013
11.500000,12.786013
11.500000,12.886013
11.500000,12.986013
11.500000,13.086013
11.500000,13.186013
11.500000,13.286013
11.500000,13.386013
11.500000,13.486013
11.500000,13.586013
11.500000,13.686013
11.500000,13.786013
11.500876,13.885996
11.516704,13.984566
11.551799,14.078028
11.604763,14.162654
11.673483,14.235071
11.755203,14.292423
11.841805,14.342423
11.928408,14.392423
12.015010,14.442423
12.101613,14.492423
12.188216,14.542423
12.274818,14.592423
12.361421,14.642423
12.448023,14.692423
12.534626,14.742423
12.621228,14.792423
12.707831,14.842423
12.794433,14.892423
12.881036,14.942423
12.967638,14.992423
13.054241,15.042423
13.140844,15.092423
13.227446,15.142423
13.316545,15.187560
13.412609,15.214735
13.512156,15.222284
13.611219,15.209905
13.705848,15.178092
13.793611,15.130265
13.880214,15.080265
13.966817,15.030265
14.053419,14.980265
14.140022,14.930265
14.226624,14.880265
14.313227,14.830265
14.399829,14.780265
14.486432,14.730265
14.573034,14.680265
14.659637,14.630265
14.746239,14.580265
14.832842,14.530265
14.919444,14.480265
15.006047,14.430265
15.092650,14.380265
15.179252,14.330265
15.265684,14.279977
15.344538,14.218751
15.409657,14.143079
15.458546,14.056024
15.500389,13.965200
15.542232,13.874375
15.584075,13.783550
15.625919,13.692725
15.667762,13.601900
15.709605,13.511075
15.751448,13.420251
15.793291,13.329426
15.835134,13.238601
15.876978,13.147776
15.918821,13.056951
15.960664,12.966126
16.002507,12.875302
16.044350,12.784477
16.094350,12.698065
16.160511,12.623302
16.240205,12.563173
16.330257,12.520076
16.427076,12.495728
16.526802,12.491100
16.625459,12.506377
16.719115,12.540950
16.804036,12.593440
16.876835,12.661755
16.934612,12.743171
16.975061,12.834443
16.996572,12.931932
17.000000,13.031798
17.000000,13.131798
17.000000,13.231798
17.000000,13.331798
17.000000,13.431798
17.000000,13.531798
17.000000,13.631798
17.000000,13.731798
17.000000,13.831798
17.000000,13.931798
17.000000,14.031798
17.000000,14.131798
17.000000,14.231798
17.000000,14.331798
17.000000,14.431798
17.000000,14.531798
17.000000,14.631798
16.999912,14.731797
16.988087,14.830928
16.956803,14.925733
16.907310,15.012435
16.849575,15.094084
16.791840,15.175734
16.734105,15.257383
16.676369,15.339033
16.618634,15.420683
16.560899,15.502332
16.503164,15.583982
16.445429,15.665632
16.387694,15.747281
16.329959,15.828931
16.272224,15.910581
16.214489,15.992230
16.156754,16.073880
16.099019,16.155530
16.047764,16.241217
16.014409,16.335313
16.000413,16.434161
16.000000,16.534155
16.000000,16.634155
16.000000,16.734155
16.000000,16.834155
16.000000,16.934155
16.000000,17.034155
16.000000,17.134155
16.000000,17.234155
16.000000,17.334155
16.000000,17.434155
16.000000,17.534155
16.000000,17.634155
16.000000,17.734155
16.000000,17.834155
16.000000,17.934155
16.000000,18.034155
16.000000,18.134155
16.002266,18.234083
16.021634,18.332020
16.060073,18.424156
16.116051,18.506820
16.187336,18.576714
16.271085,18.631053
16.363960,18.667671
16.462259,18.685107
16.562063,18.682667
16.659392,18.660447
16.750367,18.619334
16.831361,18.560967
16.899144,18.487672
16.951014,18.402371
16.984905,18.308466
16.999463,18.209700
17.000000,18.109708
17.000000,18.009708
17.000000,17.909708
17.000000,17.809708
17.000000,17.709708
17.000000,17.609708
17.000000,17.509708
17.000000,17.409708
17.000000,17.309708
17.000000,17.209708
17.000000,17.109708
17.000000,17.009708
17.000000,16.909708
17.000000,16.809708
17.000000,16.709708
17.000000,16.609708
17.000000,16.509708
16.997997,16.409768
16.979186,16.311723
16.941273,16.219369
16.885767,16.136388
16.814881,16.066089
16.731661,16.010882
16.645059,15.960882
16.558456,15.910882
16.471854,15.860882
16.385251,15.810882
16.298649,15.760882
16.212046,15.710882
16.125443,15.660882
16.038841,15.610882
15.952238,15.560882
15.865636,15.510882
15.779033,15.460882
15.692431,15.410882
15.605828,15.360882
15.519226,15.310882
15.432623,15.260882
15.346021,15.210882
15.259418,15.160882
15.169263,15.117979
15.072419,15.093730
14.972688,15.089204
14.874046,15.104582
14.780426,15.139250
14.693253,15.188208
14.606650,15.238208
14.520048,15.288208
14.433445,15.338208
14.346843,15.388208
14.260240,15.438208
14.173637,15.488208
14.087035,15.538208
14.000432,15.588208
13.913830,15.638208
13.827227,15.688208
13.740625,15.738208
13.654022,15.788208
13.567420,15.838208
13.480817,15.888208
13.394215,15.938208
13.307612,15.988208
13.221591,16.039165
13.144630,16.102755
13.081836,16.180367
13.035713,16.268908
13.008100,16.364846
13.000000,16.464359
13.000000,16.564359
13.000000,16.664359
13.000000,16.764359
13.000000,16.864359
13.000000,16.964359
13.000000,17.064359
13.000000,17.164359
13.000000,17.264359
13.000000,17.364359
13.000000,17.464359
13.000000,17.564359
13.000000,17.664359
13.000000,17.764359
13.000000,17.864359
13.000000,17.964359
13.000000,18.064359
13.000000,18.164359
13.006045,18.264045
13.031290,18.360634
13.075222,18.450282
13.136088,18.529415
13.211462,18.594878
13.298339,18.644062
13.393256,18.675006
13.492428,18.686476
13.591902,18.678015
13.687712,18.649960
13.776039,18.603429
13.853361,18.540279
13.916596,18.463025
13.963222,18.374749
13.991381,18.278969
13.999951,18.179504
13.988588,18.080320
13.957748,17.985369
13.908658,17.898439
13.843276,17.822994
13.764210,17.762042
13.677747,17.711805
13.591144,17.661805
13.504542,17.611805
13.417939,17.561805
13.331337,17.511805
13.244734,17.461805
13.158132,17.411805
13.071529,17.361805
12.984927,17.311805
12.898324,17.261805
12.811722,17.211805
12.725119,17.161805
12.638516,17.111805
12.551914,17.061805
12.465311,17.011805
12.378709,16.961805
12.292106,16.911805
12.204263,16.864135
12.109524,16.832651
12.010419,16.820617
11.910898,16.828511
11.814929,16.856020
11.726339,16.902047
11.648659,16.964756
11.584985,17.041648
11.537857,17.129658
11.509153,17.225276
11.500017,17.324690
11.510815,17.423938
11.541114,17.519063
11.589708,17.606271
11.654659,17.682087
11.733378,17.743489
11.822725,17.788027
11.919141,17.813927
12.018780,17.820155
12.117670,17.806465
12.211869,17.773400
12.297622,17.722281
12.371509,17.655144
12.430585,17.574666
12.472496,17.484056
12.495569,17.386925
12.500000,17.287122
12.500000,17.187122
12.500000,17.087122
12.500000,16.987122
12.500000,16.887122
12.500000,16.787122
12.500000,16.687122
12.500000,16.587122
12.500000,16.487122
12.500000,16.387122
12.500000,16.287122
12.500000,16.187122
12.500000,16.087122
12.500000,15.987122
12.500000,15.887122
12.500000,15.787122
12.500000,15.687122
12.499998,15.587122
12.489766,15.487814
12.460009,15.392519
12.411912,15.305035
12.347394,15.228850
12.269027,15.167002
12.182678,15.116576
12.096076,15.066576
12.009473,15.016576
11.922871,14.966576
11.836268,14.916576
11.749666,14.866576
11.663063,14.816576
11.576461,14.766576
11.489858,14.716576
11.403255,14.666576
11.316653,14.616576
11.230050,14.566576
11.143448,14.516576
11.056845,14.466576
10.970243,14.416576
10.883640,14.366576
10.797038,14.316576
10.709447,14.268414
10.615073,14.235854
10.516111,14.222691
10.416507,14.229452
10.320231,14.255867
10.231122,14.300881
10.152733,14.362702
10.088188,14.438864
10.040060,14.526331
10.010269,14.621616
10.000002,14.720920
10.000000,14.820920
10.000000,14.920920
10.000000,15.020920
10.000000,15.120920
10.000000,15.220920
10.000000,15.320920
10.000000,15.420920
10.000000,15.520920
10.000000,15.620920
10.000000,15.720920
10.000000,15.820920
10.000000,15.920920
10.000000,16.020920
10.000000,16.120920
10.000000,16.220920
10.000000,16.320920
10.000000,16.420920
10.004407,16.520725
10.027447,16.617863
10.069325,16.708488
10.125641,16.791084
10.183376,16.872734
10.241111,16.954383
10.298846,17.036033
10.356581,17.117683
10.414316,17.199332
10.472051,17.280982
10.529786,17.362632
10.587521,17.444281
10.645256,17.525931
10.702991,17.607581
10.760726,17.689230
10.818461,17.770880
10.876196,17.852530
10.932283,17.935273
10.973583,18.026163
10.996004,18.123446
10.998650,18.223244
10.981417,18.321579
10.944992,18.414530
10.890825,18.498392
10.821078,18.569820
10.738531,18.625968
10.646474,18.664598
10.548577,18.684168
10.448744,18.683899
10.350955,18.663802
10.259107,18.624678
10.172451,18.574773
10.085848,18.524773
9.999245,18.474773
9.912643,18.424773
9.826040,18.374773
9.739438,18.324773
9.652835,18.274773
9.566233,18.224773
9.479630,18.174773
9.393028,18.124773
9.306425,18.074773
9.219823,18.024773
9.133220,17.974773
9.046618,17.924773
8.960015,17.874773
8.873412,17.824773
8.786810,17.774773
8.701968,17.721977
8.628149,17.654764
8.569155,17.574226
8.527337,17.483573
8.504363,17.386419
8.500000,17.286611
8.500000,17.186611
8.500000,17.086611
8.500000,16.986611
8.500000,16.886611
8.500000,16.786611
8.500000,16.686611
8.500000,16.586611
8.500000,16.486611
8.500000,16.386611
8.500000,16.286611
8.500000,16.186611
8.500000,16.086611
8.500000,15.986611
8.500000,15.886611
8.500000,15.786611
8.500000,15.686611
8.500003,15.586611
8.510337,15.487314
8.540192,15.392049
8.588377,15.304614
8.646084,15.222945
8.703819,15.141295
8.761554,15.059645
8.819289,14.977996
8.877024,14.896346
8.934759,14.814696
8.992494,14.733047
9.050229,14.651397
9.107964,14.569748
9.165699,14.488098
9.223434,14.406448
9.281169,14.324799
9.338904,14.243149
9.396639,14.161499
9.448978,14.076449
9.483744,13.982865
9.499225,13.884239
9.500000,13.784254
9.500000,13.684254
9.500000,13.584254
9.500000,13.484254
9.500000,13.384254
9.500000,13.284254
9.500000,13.184254
9.500000,13.084254
9.500000,12.984254
9.500000,12.884254
9.500000,12.784254
9.500000,12.684254
9.500000,12.584254
9.500000,12.484254
9.500000,12.384254
9.500000,12.284254
9.500000,12.184254
9.498393,12.084297
9.480500,11.986080
9.443450,11.893376
9.388722,11.809880
9.318497,11.738921
9.235574,11.683329
9.143260,11.645319
9.045234,11.626406
8.945405,11.627345
8.847753,11.648099
8.756170,11.687839
8.674308,11.744982
8.605430,11.817249
8.552282,11.901760
8.516984,11.995144
8.500942,12.093681
8.504796,12.193440
8.528392,12.290444
8.570789,12.380828
8.630298,12.460986
8.704546,12.527725
8.790572,12.578382
8.884948,12.610939
8.983910,12.624097
9.083514,12.617332
9.179789,12.590913
9.269146,12.546314
9.355749,12.496314
9.442351,12.446314
9.528954,12.396314
9.615556,12.346314
9.702159,12.296314
9.788761,12.246314
9.875364,12.196314
9.961966,12.146314
10.048569,12.096314
10.135172,12.046314
10.221774,11.996314
10.308377,11.946314
10.394979,11.896314
10.481582,11.846314
10.568184,11.796314
10.654787,11.746314
10.741389,11.696314
10.823527,11.639553
10.892815,11.567679
10.946443,11.483472
10.982272,11.390290
10.998875,11.291847
10.995590,11.192067
10.972547,11.094930
10.930664,11.004306
10.871613,10.923810
10.797747,10.856650
10.712882,10.803888
10.626280,10.753888
10.539677,10.703888
10.453075,10.653888
10.366472,10.603888
10.279870,10.553888
10.193267,10.503888
10.106665,10.453888
10.020062,10.403888
9.933460,10.353888
9.846857,10.303888
9.760254,10.253888
9.673652,10.203888
9.587049,10.153888
9.500447,10.103888
9.413844,10.053888
9.327242,10.003888
9.240582,9.953989
9.148706,9.914930
9.050902,9.894903
8.951069,9.894705
8.853186,9.914345
8.761157,9.953040
8.678649,10.009246
8.608953,10.080725
8.554846,10.164624
8.518487,10.257601
8.501324,10.355948
8.504041,10.455745
8.526531,10.553012
8.567896,10.643872
8.626488,10.724704
8.699971,10.792283
8.785415,10.843917
8.879414,10.877546
8.978220,10.891830
9.077895,10.886200
9.174464,10.860880
9.264215,10.817111
9.350817,10.767111
9.437420,10.717111
9.524022,10.667111
9.610625,10.617111
9.697227,10.567111
9.783830,10.517111
9.870433,10.467111
9.957035,10.417111
10.043638,10.367111
10.130240,10.317111
10.216843,10.267111
10.303445,10.217111
10.390048,10.167111
10.476650,10.117111
10.563253,10.067111
10.649855,10.017111
10.736458,9.967111
10.819164,9.911162
10.889266,9.840081
10.943850,9.756491
10.980738,9.663723
10.998461,9.565475
11.000000,9.465515
11.000000,9.365515
11.000000,9.265515
11.000000,9.165515
11.000000,9.065515
11.000000,8.965515
11.000000,8.865515
11.000000,8.765515
11.000000,8.665515
11.000000,8.565515
11.000000,8.465515
11.000000,8.365515
11.000000,8.265515
11.000000,8.165515
11.000000,8.065515
11.000000,7.965515
11.000000,7.865515
10.999176,7.765531
10.983524,7.666932
10.948596,7.573408
10.895784,7.488688
10.827193,7.416148
10.745558,7.358681
10.654133,7.318579
10.556563,7.297438
10.456739,7.296104
10.358639,7.314628
10.266175,7.352272
10.179405,7.401974
10.092803,7.451974
10.006200,7.501974
9.919598,7.551974
9.832995,7.601974
9.746393,7.651974
9.659790,7.701974
9.573187,7.751974
9.486585,7.801974
9.399982,7.851974
9.313380,7.901974
9.226777,7.951974
9.140175,8.001974
9.053572,8.051974
8.966970,8.101974
8.880367,8.151974
8.793765,8.201974
8.708454,8.254051
8.633566,8.320069
8.573286,8.399649
8.530017,8.489619
8.505486,8.586392
8.500669,8.686109
8.515759,8.784795
8.550154,8.878516
8.602483,8.963536
8.670660,9.036465
8.751966,9.094396
8.843161,9.135019
8.940609,9.156714
9.040424,9.158617
9.138628,9.140652
9.231305,9.103535
9.314760,9.048746
9.385668,8.978469
9.441199,8.895505
9.479142,8.803163
9.497983,8.705124
9.500000,8.605184
9.500000,8.505184
9.500000,8.405184
9.500000,8.305184
9.500000,8.205184
9.500000,8.105184
9.500000,8.005184
9.500000,7.905184
9.500000,7.805184
9.500000,7.705184
9.500000,7.605184
9.500000,7.505184
9.500000,7.405184
9.500000,7.305184
9.500000,7.205184
9.500000,7.105184
9.500000,7.005184
9.499470,6.905192
9.484942,6.806422
9.451082,6.712506
9.399238,6.627189
9.331477,6.553873
9.250502,6.495481
9.159540,6.454339
9.062217,6.432089
8.962415,6.429618
8.864110,6.447023
8.771223,6.483612
8.687457,6.537925
8.616151,6.607798
8.560147,6.690444
8.521680,6.782568
8.502281,6.880499
8.500000,6.980426
8.500000,7.080426
8.500000,7.180426
8.500000,7.280426
8.500000,7.380426
8.500000,7.480426
8.500000,7.580426
8.500000,7.680426
8.500000,7.780426
8.500000,7.880426
8.500000,7.980426
8.500000,8.080426
8.500000,8.180426
8.500000,8.280426
8.500000,8.380426
8.500000,8.480426
8.500000,8.580426
8.500407,8.680421
8.514372,8.779272
8.547697,8.873379
8.598929,8.959080
8.656664,9.040730
8.714399,9.122379
8.772134,9.204029
8.829870,9.285679
8.887605,9.367328
8.945340,9.448978
9.003075,9.530628
9.060810,9.612277
9.118545,9.693927
9.176280,9.775577
9.234015,9.857226
9.291750,9.938876
9.349485,10.020526
9.407220,10.102175
9.456739,10.188862
9.488053,10.283657
9.499909,10.382784
9.500000,10.482784
9.500000,10.582784
9.500000,10.682784
9.500000,10.782784
9.500000,10.882784
9.500000,10.982784
9.500000,11.082784
9.500000,11.182784
9.500000,11.282784
9.500000,11.382784
9.500000,11.482784
9.500000,11.582784
9.500000,11.682784
9.500000,11.782784
9.500000,11.882784
9.500000,11.982784
9.500000,12.082784
9.496590,12.182651
9.475110,12.280146
9.434689,12.371430
9.376938,12.452864
9.304159,12.521202
9.219837,12.574783
9.133235,12.624783
9.046632,12.674783
8.960029,12.724783
8.873427,12.774783
8.786824,12.824783
8.700222,12.874783
8.613619,12.924783
8.527017,12.974783
8.440414,13.024783
8.353812,13.074783
8.267209,13.124783
8.180607,13.174783
8.094004,13.224783
8.007402,13.274783
7.920799,13.324783
7.834196,13.374783
7.747590,13.424776
7.656354,13.465306
7.558884,13.486902
7.459067,13.488703
7.360882,13.470637
7.268243,13.433426
7.184843,13.378551
7.114008,13.308202
7.058561,13.225181
7.020712,13.132801
7.001972,13.034742
7.003086,12.934915
7.024011,12.837299
7.063912,12.745786
7.121198,12.664024
7.193586,12.595273
7.278190,12.542274
7.371636,12.507139
7.470200,12.491270
7.569952,12.495299
7.666916,12.519065
7.757225,12.561621
7.837279,12.621270
7.903887,12.695635
7.954393,12.781750
7.986784,12.876182
7.999769,12.975168
8.000000,13.075166
8.000000,13.175166
8.000000,13.275166
8.000000,13.375166
8.000000,13.475166
8.000000,13.575166
8.000000,13.675166
8.000000,13.775166
8.000000,13.875166
8.000000,13.975166
8.000000,14.075166
8.000000,14.175166
8.000000,14.275166
8.000000,14.375166
8.000000,14.475166
8.000000,14.575166
8.000000,14.675166
7.997222,14.775068
7.976853,14.872801
7.937474,14.964540
7.880654,15.046627
7.808659,15.115789
7.724358,15.169269
7.631113,15.204935
7.532641,15.221365
7.432868,15.217905
7.335771,15.194691
7.245206,15.152677
7.158603,15.102677
7.072001,15.052677
6.985398,15.002677
6.898795,14.952677
6.812193,14.902677
6.725590,14.852677
6.638988,14.802677
6.552385,14.752677
6.465783,14.702677
6.379180,14.652677
6.292578,14.602677
6.205975,14.552677
6.119373,14.502677
6.032770,14.452677
5.946167,14.402677
5.859565,14.352677
5.772962,14.302677
5.689284,14.248140
5.617652,14.178602
5.561263,14.096219
5.522365,14.004275
5.502509,13.906436
5.502487,13.806603
5.522298,13.708755
5.561154,13.616793
5.617506,13.534384
5.689106,13.464814
5.773101,13.410854
5.866141,13.374658
5.964518,13.357667
6.064310,13.360559
6.161537,13.383220
6.252325,13.424744
6.333053,13.483478
6.400504,13.557079
6.451988,13.642614
6.485452,13.736672
6.499563,13.835503
6.500000,13.935497
6.500000,14.035497
6.500000,14.135497
6.500000,14.235497
6.500000,14.335497
6.500000,14.435497
6.500000,14.535497
6.500000,14.635497
6.500000,14.735497
6.500000,14.835497
6.500000,14.935497
6.500000,15.035497
6.500000,15.135497
6.500000,15.235497
6.500000,15.335497
6.500000,15.435497
6.500000,15.535497
6.497789,15.635427
6.478535,15.733386
6.440203,15.825568
6.385559,15.909220
6.327824,15.990870
6.270089,16.072520
6.212354,16.154169
6.154619,16.235819
6.096884,16.317469
6.039149,16.399118
5.981414,16.480768
5.923678,16.562418
5.865943,16.644067
5.808208,16.725717
5.750473,16.807367
5.692738,16.889016
5.635003,16.970666
5.577788,17.052670
5.532993,17.141890
5.506816,17.238230
5.500301,17.337851
5.513707,17.436780
5.546500,17.531074
5.597373,17.616973
5.664297,17.691053
5.744605,17.750361
5.835094,17.792531
5.932158,17.815884
6.031926,17.819488
6.130422,17.803199
6.223718,17.767666
6.308095,17.714307
6.380189,17.645248
6.437127,17.563243
6.476637,17.471561
6.497146,17.373857
6.497835,17.274026
6.478676,17.176048
6.440435,17.083829
6.384635,17.001046
6.313500,16.930999
6.230124,16.876020
6.143521,16.826020
6.056919,16.776020
5.970316,16.726020
5.883714,16.676020
5.797111,16.626020
5.710509,16.576020
5.623906,16.526020
5.537304,16.476020
5.450701,16.426020
5.364098,16.376020
5.277496,16.326020
5.190893,16.276020
5.104291,16.226020
5.017688,16.176020
4.931086,16.126020
4.844483,16.076020
4.757881,16.026020
4.667591,15.983406
4.570662,15.959501
4.470916,15.955329
4.372329,15.971057
4.278832,16.006058
4.191715,16.055121
4.105113,16.105121
4.018510,16.155121
3.931908,16.205121
3.845305,16.255121
3.758703,16.305121
3.672100,16.355121
3.585497,16.405121
3.498895,16.455121
3.412292,16.505121
3.325690,16.555121
3.239087,16.605121
3.152485,16.655121
3.065882,16.705121
2.979280,16.755121
2.892677,16.805121
2.806075,16.855121
2.720118,16.906182
2.643383,16.970045
2.580866,17.047879
2.535058,17.136583
2.507785,17.232619
2.500136,17.332159
2.512414,17.431234
2.544132,17.525895
2.594023,17.612368
2.660099,17.687206
2.739726,17.747424
2.829729,17.790623
2.926521,17.815079
3.026242,17.819819
3.124916,17.804653
3.218611,17.770185
3.303590,17.717790
3.376466,17.649557
3.434334,17.568205
3.474886,17.476979
3.496506,17.379515
3.498332,17.279698
3.480291,17.181508
3.443102,17.088860
3.388248,17.005447
3.317916,16.934594
3.235055,16.878867
3.148453,16.828867
3.061850,16.778867
2.975248,16.728867
2.888645,16.678867
2.802043,16.628867
2.715440,16.578867
2.628837,16.528867
2.542235,16.478867
2.455632,16.428867
2.369030,16.378867
2.282427,16.328867
2.195825,16.278867
2.109222,16.228867
2.022620,16.178867
1.936017,16.128867
1.849415,16.078867
1.762812,16.028867
1.672945,15.985345
1.576294,15.960338
1.476602,15.955030
1.377843,15.969635
1.283953,16.003568
1.196647,16.052274
1.110044,16.102274
1.023442,16.152274
0.936839,16.202274
0.850236,16.252274
0.763634,16.302274
0.677031,16.352274
0.590429,16.402274
0.503826,16.452274
0.417224,16.502274
0.330621,16.552274
0.244019,16.602274
0.157416,16.652274
0.070814,16.702274
-0.015789,16.752274
-0.102391,16.802274
-0.188994,16.852274
-0.275145,16.903021
-0.352602,16.966006
-0.416002,17.043124
-0.462818,17.131300
-0.491182,17.227019
-0.499965,17.326465
-0.488815,17.425674
-0.458178,17.520691
-0.409275,17.607726
-0.344055,17.683311
-0.265119,17.744433
-0.175613,17.788653
-0.079107,17.814211
0.020554,17.820085
0.119395,17.806044
0.213476,17.772645
0.299046,17.721222
0.372695,17.653823
0.431485,17.573136
0.473073,17.482377
0.495802,17.385165
0.500000,17.285347
0.500000,17.185347
0.500000,17.085347
0.500000,16.985347
0.500000,16.885347
0.500000,16.785347
0.500000,16.685347
0.500000,16.585347
0.500000,16.485347
0.500000,16.385347
0.500000,16.285347
0.500000,16.185347
0.500000,16.085347
0.500000,15.985347
0.500000,15.885347
0.500000,15.785347
0.500000,15.685347
0.499990,15.585347
0.489406,15.486076
0.459310,15.390887
0.410904,15.303574
0.353186,15.221912
0.295451,15.140263
0.237716,15.058613
0.179981,14.976963
0.122246,14.895314
0.064511,14.813664
0.006776,14.732014
-0.050959,14.650365
-0.108694,14.568715
-0.166429,14.487065
-0.224164,14.405416
-0.281899,14.323766
-0.339634,14.242116
-0.397369,14.160467
-0.449533,14.075313
-0.484062,13.981641
-0.499294,13.882977
-0.500000,13.782989
-0.500000,13.682989
-0.500000,13.582989
-0.500000,13.482989
-0.500000,13.382989
-0.500000,13.282989
-0.500000,13.182989
-0.500000,13.082989
-0.500000,12.982989
-0.500000,12.882989
-0.500000,12.782989
-0.500000,12.682989
-0.500000,12.582989
-0.500000,12.482989
-0.500000,12.382989
-0.500000,12.282989
-0.500000,12.182989
-0.498290,12.083036
-0.480148,11.984865
-0.442865,11.892255
-0.387926,11.808898
-0.317521,11.738117
-0.234458,11.682734
-0.142048,11.644958
-0.043975,11.626293
0.055851,11.627485
0.153451,11.648485
0.244933,11.688457
0.331553,11.738427
0.418155,11.788427
0.504758,11.838427
0.591360,11.888427
0.677963,11.938427
0.764565,11.988427
0.851168,12.038427
0.937770,12.088427
1.024373,12.138427
1.110975,12.188427
1.197578,12.238427
1.284181,12.288427
1.370783,12.338427
1.457386,12.388427
1.543988,12.438427
1.630591,12.488427
1.717193,12.538427
1.801731,12.591685
1.874925,12.659577
1.933172,12.740657
1.974150,12.831693
1.996225,12.929055
2.000000,13.028900
2.000000,13.128900
2.000000,13.228900
2.000000,13.328900
2.000000,13.428900
2.000000,13.528900
2.000000,13.628900
2.000000,13.728900
2.000000,13.828900
2.000000,13.928900
2.000000,14.028900
2.000000,14.128900
2.000000,14.228900
2.000000,14.328900
2.000000,14.428900
2.000000,14.528900
2.000000,14.628900
1.999958,14.728900
1.988707,14.828098
1.957973,14.923082
1.908981,15.010068
1.843684,15.085586
1.764686,15.146627
1.675135,15.190756
1.578602,15.216215
1.478936,15.221988
1.380109,15.207845
1.286062,15.174351
1.200545,15.122840
1.126965,15.055366
1.068257,14.974618
1.026761,14.883817
1.004132,14.786582
1.001272,14.686790
1.018294,14.588419
1.054521,14.495390
1.108507,14.411412
1.178101,14.339834
1.260456,14.283383
1.347058,14.233383
1.433661,14.183383
1.520263,14.133383
1.606866,14.083383
1.693468,14.033383
1.780071,13.983383
1.866674,13.933383
1.953276,13.883383
2.039879,13.833383
2.126481,13.783383
2.213084,13.733383
2.299686,13.683383
2.386289,13.633383
2.472891,13.583383
2.559494,13.533383
2.646096,13.483383
2.732699,13.433383
2.822201,13.389087
2.918587,13.363079
3.018219,13.356739
3.117125,13.370318
3.211361,13.403277
3.297171,13.454300
3.371133,13.521354
3.430300,13.601766
3.472312,13.692329
3.495494,13.789433
3.498923,13.889208
3.482461,13.987675
3.446765,14.080908
3.393258,14.165192
3.324073,14.237165
3.241968,14.293958
3.150216,14.333308
3.052476,14.353645
2.952644,14.354159
2.854700,14.334829
2.762549,14.296426
2.679864,14.240480
2.609941,14.169223
2.555569,14.085495
2.518916,13.992634
2.501441,13.894341
2.500000,13.794378
2.500000,13.694378
2.500000,13.594378
2.500000,13.494378
2.500000,13.394378
2.500000,13.294378
2.500000,13.194378
2.500000,13.094378
2.500000,12.994378
2.500000,12.894378
2.500000,12.794378
2.500000,12.694378
2.500000,12.594378
2.500000,12.494378
2.500000,12.394378
2.500000,12.294378
2.500000,12.194378
2.500898,12.094396
2.516799,11.995837
2.551964,11.902401
2.604990,11.817815
2.673764,11.745449
2.755545,11.688189
2.847070,11.648317
2.944693,11.627424
3.044521,11.626342
3.142573,11.645114
3.234942,11.682992
3.321690,11.732733
3.408292,11.782733
3.494895,11.832733
3.581497,11.882733
3.668100,11.932733
3.754703,11.982733
3.841305,12.032733
3.927908,12.082733
4.014510,12.132733
4.101113,12.182733
4.187715,12.232733
4.274318,12.282733
4.360920,12.332733
4.447523,12.382733
4.534125,12.432733
4.620728,12.482733
4.707330,12.532733
4.792572,12.584916
4.867293,12.651124
4.927372,12.730856
4.970413,12.820935
4.994699,12.917769
5.000000,13.017512
5.000000,13.117512
5.000000,13.217512
5.000000,13.317512
5.000000,13.417512
5.000000,13.517512
5.000000,13.617512
5.000000,13.717512
5.000000,13.817512
5.000000,13.917512
5.000000,14.017512
5.000000,14.117512
5.000000,14.217512
5.000000,14.317512
5.000000,14.417512
5.000000,14.517512
5.000000,14.617512
5.000000,14.717512
